stateabbr,trial_count,site_count,year,diabetes_prevalence,diabetes_low_ci,diabetes_high_ci,places_access2,places_bphigh,places_depression,places_diabetes,places_foodinsecu,places_foodstamp,places_ghlth,places_housinsecu,places_lacktrpt,places_loneliness,places_lpa,places_mhlth,places_obesity,population,poverty_rate,median_income,gini,pct_black,pct_hispanic,pct_no_vehicle,pct_no_internet,unemployment_rate,uninsured_pct,pct_bachelors_plus,pct_rural,medicaid_expanded,trials_per_100k,industry_trial_count,non_industry_trial_count,industry_trials_per_100k,non_industry_trials_per_100k,industry_pct,burden_decile,expected_trials_per_100k,coverage_residual,coverage_residual_z,coverage_quartile
AK,8,9,2023.0,8.991942806852137,7.764061057646636,10.300674136358015,10.110819521096111,31.56013471972525,20.77844484395921,8.991942806852137,14.36250486199115,10.183473531947538,18.442494967727132,12.533191850137749,9.1433083766058,33.53661594661399,21.625233420386127,16.306691892260073,35.33643347631023,734821,10.487625001219865,86370,0.4304,3.183768564044849,7.4698463979663074,9.133582473446909,8.270796138832571,4.01308018494838,11.7,30.7,57.50793233077581,1,1.0887005134583796,7,1,0.9526129492760822,0.13608756418229745,87.5,3.0,8.749234107370835,-7.660533593912456,-2.203400887113578,Q1_low
AL,462,894,2023.0,12.746376131704624,11.045435546008827,14.581370630938844,10.320866757776242,39.61436675325094,24.086466331190348,12.746376131704624,20.033456698313664,14.774885006843274,21.84038022157929,15.144880491589461,10.30575684805115,36.271619869932536,27.764432068559454,18.176227062963154,39.62891451890423,5028092,15.722492125943194,59609,0.4797,26.37861439289496,4.62217079560199,5.568165946770814,13.236789695574581,2.9661835796544964,9.5,27.2,63.120519381984955,0,9.18837602812359,421,41,8.372957376277125,0.8154186518464658,91.12554112554112,10.0,6.558610441132117,2.629765586991473,0.756400028306434,Q4_high
AR,246,394,2023.0,11.515779061556465,9.916927096121965,13.193899219515995,11.719782958049622,37.96652174060295,25.33270065415702,11.515779061556465,19.317216327339292,12.23339079574146,23.427491782819192,15.56370241359048,10.23623548128718,35.05434837459846,31.12723468369993,19.508439946421102,39.557744894002184,3018669,16.228857632436906,56335,0.4821,15.128952528415669,8.060539264159138,6.015905176607545,14.270705491365494,2.9803176907688864,8.8,24.7,68.5217849832842,1,8.149286987079405,222,24,7.354234598096048,0.7950523889833566,90.2439024390244,9.0,8.319744916528917,-0.17045792944951188,-0.04902885006118417,Q3
AZ,528,1160,2023.0,9.85332301126308,8.733816675244643,11.041057091706836,13.549793119721768,29.337929111144927,20.08600903508877,9.85332301126308,16.715853725264218,11.79722923374445,18.73604904664766,13.112944354864911,9.19231735321828,32.659043073982055,21.237022011487078,16.165820108715167,31.715869917976303,7172282,13.065050808119267,72581,0.461,4.5602919684418435,32.033221783527196,5.4869491693731165,8.315979929437603,3.22769848191066,10.8,31.8,53.36706890384705,1,7.361673732293292,472,56,6.580890154625822,0.7807835776674704,89.39393939393939,5.0,7.037725759839368,0.32394797245392404,0.09317722337917056,Q3
CA,1349,6381,2023.0,10.707798483357736,9.39861541746195,12.125747269190699,10.747164107146624,28.46041676141476,20.441596795546353,10.707798483357736,18.33494241587778,15.916730739312975,21.643394969069636,15.619200555028314,9.507103560986074,37.8257203913141,24.177213668207933,16.89188126263044,27.85701696396051,39356104,12.124320246167636,91905,0.4895,5.596557525104619,39.68362823718527,6.928111535284867,6.428750699731492,4.056897027143527,7.1,35.9,34.6869079068121,1,3.427676682630984,1090,259,2.769583086781151,0.6580935958498331,80.80059303187547,7.0,7.601857910310011,-4.174181227679027,-1.2006206235228367,Q1_low
CO,458,685,2023.0,8.0165704109394,6.880899889897459,9.27032805152816,11.186209560263231,25.614063916090455,22.882415998023557,8.0165704109394,,,15.212720725141253,,,,17.447444887609194,16.39654658898726,26.06240986882485,5770790,9.553819024642115,87598,0.456,4.049913443393366,22.07257585183311,4.992792061961929,5.82929917069205,3.069115690493812,7.8,43.7,65.13420997299139,1,7.936521689404744,370,88,6.411600491440513,1.52492119796423,80.78602620087337,1.0,12.23168180598543,-4.295160116580686,-1.2354178067555766,Q1_low
CT,289,387,2023.0,8.642542196607685,7.815714621362107,9.49167293785135,10.525918858126108,28.3389132019667,21.30057342468877,8.642542196607685,15.695919652821686,12.386277507696454,15.637789606072857,13.627302699546334,8.785772219515652,34.01070282186035,24.096786285627413,16.74859466724714,30.738517581775906,3611317,10.140715932971126,90213,0.4992,10.672200751138712,17.37338483439698,8.546488987499707,7.613169745929762,3.8848674535901004,5.2,41.4,63.20763716796489,1,8.0026206505826,241,48,6.673465663634624,1.3291549869479748,83.39100346020761,2.0,6.896216609471667,1.1064040411109328,0.31823522680288846,Q3
DC,125,136,2023.0,8.5,7.3,9.7,6.2,30.3,21.0,8.5,13.8,12.8,13.5,12.0,7.8,36.2,15.3,13.7,25.1,670587,15.101881746931532,101722,0.5171,44.30461670148691,11.507529970011348,35.708472536694266,8.239150054625775,5.076322647504135,3.4,62.6,37.9628595668158,1,18.640385214744693,88,37,13.122831191180264,5.517554023564429,70.4,1.0,12.23168180598543,6.408703408759264,1.8433367079454315,Q4_high
DE,63,69,2023.0,10.766372177883582,9.357008215115032,12.146525650281967,9.484219564072044,32.98333707338966,22.060249868284973,10.766372177883582,14.931626729369523,12.446468573770172,17.646705660819173,13.029446601752298,8.311012839775987,33.12556052061584,25.962077780162744,16.78256971139774,35.491410228891446,993635,11.122978097670458,79325,0.4508,21.96641623936355,9.93282241466937,6.091516709511568,7.451156812339332,3.3669556385259107,6.0,34.5,58.57388468889275,1,6.340356368284128,60,3,6.038434636461075,0.30192173182305376,95.23809523809524,7.0,7.601857910310011,-1.2615015420258828,-0.3628459535774136,Q2
FL,1056,5303,2023.0,11.100460227857745,9.624471550365957,12.677895228400534,16.547307807735244,31.416283878508704,17.96505343451738,11.100460227857745,,,19.055238582716083,,,,24.908703692722543,17.26801602621366,32.174948588534555,21634529,12.873944935928622,67917,0.4858,15.510890022149315,26.52372510628727,5.958047707525558,8.162624240717088,2.9725508377637846,12.3,32.3,51.538706577299195,0,4.881086156301346,955,101,4.414239847791463,0.4668463085098825,90.43560606060606,8.0,6.405747060734723,-1.524660904433377,-0.4385385362770963,Q2
GA,686,1541,2023.0,12.127335709623386,10.497505755224694,13.894690294357984,13.445364844616588,35.34016562656866,19.260814675522635,12.127335709623386,18.134732348190564,14.55524397370911,19.79005279519126,15.679731067943099,9.803876382037151,37.87149935940515,26.107463618947474,17.43281089343371,35.22309360316757,10722325,13.530059460373929,71355,0.4787,31.466570916289143,10.058051775151378,6.0006740166578405,9.600379071022605,3.300153183475281,12.9,33.6,50.0578981820979,0,6.397866134443789,607,79,5.661085632080729,0.7367805023630603,88.48396501457727,9.0,8.319744916528917,-1.9218787820851277,-0.5527903978825012,Q1_low
HI,191,219,2023.0,10.206108407612621,9.011167341932941,11.503112678215546,5.777375002737565,27.120766693677318,16.9544176430652,10.206108407612621,18.357149252096978,12.978010731258623,17.404701430104463,12.200491623048116,8.112647204397627,33.26575633472767,21.629658132760998,15.856396574757452,26.14309489498697,1450589,9.609609821890578,94814,0.4466,1.9760938487745323,10.962650344101602,8.088761040367345,7.6649183932416625,3.0515638064292463,3.9,34.7,21.601818492913004,1,13.167065240395454,175,16,12.06406501083353,1.1030002295619228,91.62303664921465,6.0,8.621584079408338,4.545481160987116,1.3074177013512518,Q4_high
IA,230,302,2023.0,9.694684567129158,8.323140706743398,11.190115354708055,7.628868391792583,30.47960213688016,21.4606944133794,9.694684567129158,12.682610556336554,10.586636464716527,16.987972095562082,10.36578847922509,7.186756736897437,33.06668347543404,23.896271118285004,17.310374131670383,38.18513481869544,3188836,11.108485305433897,70571,0.4431,3.782540086727571,6.542732206987126,5.610170687034498,10.01519991256756,2.54232392653177,4.8,30.3,82.6926603160951,1,7.212663178664566,218,12,6.836350317169024,0.37631286149554255,94.78260869565217,5.0,7.037725759839368,0.17493741882519753,0.05031728653146414,Q3
ID,301,376,2023.0,9.02534981006876,7.74284078098871,10.452872476265272,11.003005908971915,28.874937357418005,24.27377078959038,9.02534981006876,13.293546344825376,9.241579180757908,17.26111845725612,11.111016145491071,7.755867699935352,29.71634851180459,21.66679776196353,16.846104005385392,32.412273872299956,1854109,11.01173363290602,70214,0.4436,0.6893337986062308,13.064819813721847,3.7500573799500385,7.136585011912818,2.3530773475828837,9.7,30.2,78.8710928026987,1,16.234212767426296,300,1,16.180278505740493,0.05393426168580164,99.66777408637874,3.0,8.749234107370835,7.484978660055461,2.1529059846037764,Q4_high
IL,637,1168,2023.0,10.209867802933454,8.838996229950183,11.704094617655311,10.22186603498295,29.92903102923792,20.348027923540915,10.209867802933454,16.527015622550895,14.351227635614068,17.861674146730753,14.040819929202744,8.391279516082975,34.28131640798049,22.31389127185672,16.326736401363362,34.13573224631398,12757634,11.763222409065586,78433,0.4812,13.910141958924358,17.837978421390673,10.814486750318641,9.023798890709374,3.871388534218466,7.0,36.7,58.323873827044636,1,4.9930888439031875,546,91,4.279790437631304,0.713298406271884,85.71428571428571,6.0,8.621584079408338,-3.6284952355051505,-1.043664846943925,Q1_low
IN,455,892,2023.0,11.477603993975293,9.968518496401384,13.083104525260453,9.14959337016784,34.862805564797355,25.6635626153448,11.477603993975293,15.307863627014124,9.059905344984639,19.876290425776947,12.125074972345683,8.067748270361113,33.41258498429842,24.229706793151397,18.368310589020357,38.570637020859934,6784403,12.30361800145239,67173,0.4517,9.444486125013505,7.531745976764647,6.155043947910684,10.568526633293086,2.8678328293976887,7.8,28.2,75.46949920477817,1,6.706559147503472,410,45,6.043273077970162,0.6632860695333105,90.10989010989012,8.0,6.405747060734723,0.30081208676874915,0.08652264371863846,Q3
KS,351,475,2023.0,10.103719199771705,8.742270064806972,11.579080085602007,10.262201513750501,31.626914280906185,21.357358999095812,10.103719199771705,13.537234958990904,7.8372078466429445,17.46696883504607,12.143562598137574,7.444560457196992,31.444455435803174,24.95793347814028,16.64559237363932,36.982010178037754,2935922,11.581155861637013,69747,0.4579,5.571707967718488,12.601492818950913,5.138272819477032,9.202836410173814,2.618752089223107,8.9,34.7,72.2485261481068,0,11.955358487044274,332,19,11.308202329625923,0.6471561574183511,94.58689458689459,5.0,7.037725759839368,4.917632727204905,1.414459734532414,Q4_high
KY,363,582,,,,,,,,,,,,,,,,,,4502935,16.11704673650374,60183,0.4768,7.998871846917622,4.008074733479386,6.736920765450494,11.506685312661451,3.009280819639412,5.9,26.5,81.33371920327326,1,8.061408836680965,339,24,7.528423128470653,0.5329857082103118,93.38842975206612,,,,,
LA,440,721,2023.0,13.414296155820455,11.666146466662866,15.298227171619232,9.191516968003194,39.486529145040784,27.227698910625676,13.414296155820455,23.2640939941824,19.66434537728854,23.56102891689956,17.992156704500083,11.834559031540524,37.387343523641135,29.531538156618947,20.203644641533113,40.09274898762334,4640546,18.654776592546447,57852,0.4952,31.56055343487598,5.507627766215441,8.274229803587453,14.135222833525184,3.8627189090993084,8.1,26.1,55.75005308349061,1,9.481642892883725,397,43,8.55502779198827,0.926615100895455,90.22727272727273,10.0,6.558610441132117,2.9230324517516078,0.8407524382334653,Q4_high
MA,500,674,2023.0,8.572097223159666,7.361904732456262,9.787463544230526,5.3829235574682155,27.89917764477265,24.429106431234164,8.572097223159666,13.008819902049579,14.729639401950458,15.638669477938185,11.981438469658093,7.933758404748888,35.00413071741137,21.078188397833205,17.047635097051064,27.83720992197679,6984205,9.9281159170337,96505,0.4878,7.141614543101183,12.58977936644185,11.932747049885169,7.050870213189006,3.5638995869683705,2.7,45.9,67.55267523073174,1,7.159010939684617,327,173,4.68199315455374,2.4770177851308777,65.4,2.0,6.896216609471667,0.26279433021294984,0.07558758841287179,Q3
MD,520,780,2023.0,10.878887840348236,9.603958440432871,12.241088325702416,9.083135322415181,33.40379902858601,19.965810901147012,10.878887840348236,15.860902132831306,12.218033504090727,17.121980239240216,14.351656079680604,8.197709541694573,35.235354293400405,22.754597779275297,15.736077405959774,35.00797679780389,6161707,9.256502803961341,98461,0.4559,29.893112411868984,10.920756212523575,8.670890772020824,6.963518776389874,3.408409865295543,5.9,42.2,47.169764282467334,1,8.439219846058892,425,95,6.897439297259671,1.5417805487992207,81.73076923076923,7.0,7.601857910310011,0.8373619357488806,0.24085058951120777,Q3
ME,85,111,2023.0,8.772530457760297,7.570458021924354,10.02352917578728,8.307368205324984,29.709981686099752,28.403767082072438,8.772530457760297,11.492183104118885,15.241584937253089,17.272045488239858,11.189655611466245,8.501619297618321,33.72776221580751,21.506151377466928,19.557229630146423,32.743569815204026,1366949,10.943665595048795,68251,0.4566,1.5929635999587402,1.8945842163826156,6.871582909895686,9.48994436132733,2.5055709360043625,7.1,34.1,90.15714653773344,1,6.2182276002981824,80,5,5.852449506162995,0.3657780941351872,94.11764705882354,2.0,6.896216609471667,-0.6779890091734844,-0.19501012115569127,Q2
MI,472,895,2023.0,10.10108478489909,8.774580756685824,11.52740815232135,7.1555606250828045,32.70726491574505,26.55355277684897,10.10108478489909,16.206509075308976,15.097722283558452,18.40531069290315,13.037885721135344,8.772202741834745,33.37103825067662,23.875476515232766,18.744085674449714,36.36606865311941,10057921,13.13491329111057,68505,0.4642,13.5568672690907,5.472572313900656,7.179666636153917,9.495409743411054,3.700112668612601,5.2,31.1,72.39665939324608,1,4.6928187246648685,406,66,4.036619496215968,0.6561992284489011,86.01694915254237,5.0,7.037725759839368,-2.3449070351745,-0.6744661031978509,Q1_low
MN,358,430,2023.0,8.721503427668498,7.547368830292489,10.014595825404706,7.78663780620201,27.821031169617356,25.12996280579069,8.721503427668498,11.953330451493935,8.287935805900451,15.290076698547953,10.096731651544147,7.440694877891071,32.090551976670625,21.54812450177272,15.924263998425957,33.59351376532826,5695292,9.262296155444911,84313,0.4496,6.708734161479341,5.742444812311643,6.580439213058136,7.445993707798235,2.721848733383922,4.6,38.2,76.29693468529013,1,6.285893682009632,240,118,4.214006937660089,2.0718867443495435,67.0391061452514,2.0,6.896216609471667,-0.6103229274620352,-0.17554731185622058,Q2
MO,514,884,2023.0,10.407912584933985,8.958051042726547,11.967763392307173,8.997186896865536,32.95438417184363,25.127903310169923,10.407912584933985,14.355935351244357,11.33811608636481,19.624062558200595,13.166829217000027,8.788723239132537,32.499515791779054,27.76205555484119,18.515183962622203,36.812611086661384,6154422,12.820297552948102,65920,0.4661,11.274689970885975,4.550841654992134,6.588065690283298,10.394561497996197,2.685149669206612,9.5,31.2,75.77535214551368,1,8.35171848794249,450,64,7.311815796836811,1.0399026911056797,87.54863813229572,6.0,8.621584079408338,-0.2698655914658481,-0.07762149677273189,Q2
MS,183,247,2023.0,13.560649047907306,11.70731827225001,15.557841401075468,11.913752641751891,41.63830296867422,20.08068317385471,13.560649047907306,23.265371455981423,14.322401790550227,23.48059215067809,18.14285249023835,12.453153065848209,37.202478157977644,33.08743123479997,18.159752843533948,40.66314981786515,2958846,19.19687815143246,52985,0.4834,37.23870725276003,3.2824621490946133,6.102371509423698,16.557311403418804,3.639862235221612,11.8,23.9,55.35030640476632,0,6.1848436856801605,176,7,5.9482649654628865,0.23657872021727389,96.17486338797814,10.0,6.558610441132117,-0.3737667554519568,-0.10750661039994086,Q2
MT,183,218,2023.0,8.300623968273253,7.068171599077534,9.609321180925162,9.607860239132107,27.846151025289775,25.890236089174632,8.300623968273253,12.360107606104144,8.787769084924557,17.35032764464795,10.12281619464065,7.994235928668321,31.674159821927166,19.648095715261814,18.461374602774754,31.591732253185327,1091840,12.411913951666987,66341,0.4644,0.551912368112544,4.202172479484173,4.642534527850927,10.276020066814292,2.437452611347139,8.4,34.0,83.13016209735065,1,16.76069753810082,180,3,16.48593200468933,0.27476553341148885,98.36065573770492,1.0,12.23168180598543,4.529015732115392,1.3026817465854514,Q4_high
NC,775,2081,2023.0,10.53038201087486,9.014702040318781,12.171660896486449,10.76400598291443,33.65919454214374,24.79944920900054,10.53038201087486,15.823000004235858,12.889216363873398,18.205715737672357,13.109212132721673,8.765476284606372,33.24499046225921,23.12215064406225,17.327468352255853,35.17611280702325,10470214,13.326107839513536,66186,0.4773,20.93992539216486,10.038075630545851,5.361524025925941,10.443136953039438,3.115323166252018,10.5,33.9,60.464732223766376,1,7.401949950593178,672,103,6.4182069249014395,0.9837430256917384,86.70967741935483,7.0,7.601857910310011,-0.19990795971683362,-0.05749956845449613,Q2
ND,119,132,2023.0,9.034276826125849,7.710255310484787,10.480545801679593,7.392063979492383,30.036186731465033,21.719842888423074,9.034276826125849,11.164417248561396,7.095255443997918,15.78067130402275,9.564903069466883,6.687384010467429,29.719545654815146,21.48596493277614,14.660712259175689,37.317087844964554,776874,10.763530000959008,73959,0.4521,3.248017052958395,4.27212134786336,5.2312537886126025,9.500746786319125,1.9890067039853554,7.2,31.4,81.65381840958857,1,15.317799282766575,118,1,15.189078280390385,0.1287210023761897,99.15966386554622,3.0,8.749234107370835,6.56856517539574,1.889317781470423,Q4_high
NE,283,404,2023.0,9.492680420013343,8.238176122175984,10.867004923930516,10.177793226974297,29.91003852726861,18.681042299855548,9.492680420013343,12.8442330308719,8.9835082053265,15.586493217157157,10.297640146362216,6.976026341993122,29.81970400318957,23.692695579815695,14.778831306127167,38.05132781837087,1958939,10.398441171678073,71722,0.4525,4.775799552717057,11.780305563368742,5.054232533337455,8.641398080061414,2.098540086442336,7.8,33.5,75.69125528166141,1,14.446595835807036,262,21,13.374586957531603,1.0720088782754338,92.57950530035336,4.0,8.2610153794183,6.185580456388736,1.7791598062764276,Q4_high
NH,98,103,2023.0,7.607959189707167,6.527120166538553,8.790225773127746,7.195076104083115,28.173146267317332,23.750041652029036,7.607959189707167,10.093876543038112,6.91502646947315,13.462009088664038,9.019224107046584,6.062161870741319,32.002006079978855,19.5730360937875,16.566462551434604,31.70804779809461,1379610,7.325117866625276,90845,0.4426,1.5163705684939948,4.251491363501279,4.6340595396209245,6.516961527454707,2.372378476802574,5.8,39.0,87.15961696632158,1,7.103456774015845,95,3,6.886004015627605,0.21745275838824016,96.93877551020408,1.0,12.23168180598543,-5.128225031969585,-1.4750324433978286,Q1_low
NJ,438,717,2023.0,9.404107683608013,8.18402608538832,10.762955647175605,11.777017728465882,29.26633576222459,15.64516854562244,9.404107683608013,14.869782190935823,8.680204190589421,16.254884925605218,13.145366277909462,7.7950222860879625,33.48246785167771,23.91693179540944,15.573477680466764,28.773875054236964,9249063,9.681402453796407,97126,0.4811,13.117707166661098,21.228344968566006,11.279340531365305,7.462271993000911,4.118984683870495,7.5,42.3,51.8504048985283,1,4.735614840119481,412,26,4.454505283400059,0.2811095567194212,94.06392694063926,4.0,8.2610153794183,-3.5254005392988192,-1.0140116978136542,Q1_low
NM,173,199,2023.0,11.41304719595147,9.822515008803242,13.117304921636729,16.05944742829929,30.637430908994695,23.895758269273323,11.41304719595147,22.05627802124323,17.84434247491317,23.08340703441442,18.127083193026678,11.61604180096018,34.986241749968734,24.842583510520594,17.096498908013356,34.53729783815508,2112463,18.283786406923145,58722,0.4766,2.1251969856986843,49.781984347181464,5.761319403778302,14.549143017425067,3.5363970828806406,9.5,29.1,36.50266679637803,1,8.189492549691995,156,17,7.384744726889891,0.8047478228021036,90.17341040462428,8.0,6.405747060734723,1.7837454889572717,0.5130590897579986,Q3
NV,385,607,2023.0,10.599337219223193,9.145552662844565,12.168983821195907,14.853975887282614,31.00672377223688,20.944420585116138,10.599337219223193,18.559806356699173,15.461515935603735,21.463245409094895,16.495967339388095,10.389078709204139,37.67352106274569,25.445397732256342,19.209919743882114,31.203555788567186,3104817,12.71182927732838,71646,0.4675,9.347507437636422,29.583353865944435,7.083015732109849,8.233512736847443,4.406203458526348,11.4,26.5,45.930089859802216,1,12.400086703982875,375,10,12.07800652985345,0.32208017412942536,97.40259740259741,7.0,7.601857910310011,4.798228793672864,1.3801155560435392,Q4_high
NY,793,1695,2023.0,9.925143332000111,8.688884730222478,11.277263987104732,8.20188980961749,29.18451484014023,18.02936382396657,9.925143332000111,17.845211182816975,14.655006736142802,17.348412785142663,15.61497003966612,9.024445318739469,35.07915999735577,25.028071414643794,15.863861964673301,28.911432392468328,19994379,13.60694005374913,81386,0.5147,15.059812560320077,19.484045991125807,28.965235557838408,9.348370699911092,3.90677676612164,5.2,38.8,52.46659253593676,1,3.9661146765298385,617,176,3.085867282999887,0.8802473935299516,77.80580075662043,5.0,7.037725759839368,-3.07161108330953,-0.8834881412451985,Q1_low
OH,719,1773,2023.0,11.316521293472265,9.836722753535879,12.928738930030264,8.289064184565039,33.38629836329039,26.249141428770173,11.316521293472265,14.689322707856626,12.243812692902805,18.467065127473465,12.318256138543461,8.151841500590647,35.960481200423864,25.84512629184265,18.556500002552216,37.21187600873662,11774683,13.305625102635451,66990,0.4664,12.30988554001836,4.200750032930823,7.435470104029559,9.835265652874009,3.1642708253728156,6.4,30.4,75.88604992369135,1,6.106321503517335,633,86,5.375940906434594,0.730380597082741,88.03894297635605,8.0,6.405747060734723,-0.29942555721738806,-0.08612383593246725,Q2
OK,332,487,2023.0,11.559018656608849,10.052897253416264,13.155901447808818,11.603073609662037,36.05171444054629,26.01847362851397,11.559018656608849,19.071900485129483,15.738454601668753,20.628938490556383,15.06805197043162,9.989976279607168,33.562452169704954,30.580959647475375,18.647991994083995,39.26168976783945,3970497,15.229635767011063,61364,0.467,7.164166098098047,11.552357299350685,5.408051823359784,11.707999745191307,2.9483627276511637,13.9,27.3,60.797509087974724,1,8.361673614159638,316,16,7.958701391790499,0.40297222236913915,95.18072289156626,9.0,8.319744916528917,0.0419286976307216,0.012059960108844709,Q3
OR,340,465,2023.0,9.589984118901858,8.247220425644004,11.025403171751046,8.719943919320965,29.10613403740907,27.94587400133117,9.589984118901858,,,18.20417518244742,,,,19.26847860726121,18.589951427711313,33.62647339666174,4229374,11.910194035527306,76632,0.461,1.8819097105150786,13.786106407236627,7.040754402665398,6.498512613041409,3.448357288818137,6.5,35.5,71.65387222296694,1,8.039014757266678,309,31,7.306045764692364,0.7329689925743148,90.88235294117646,4.0,8.2610153794183,-0.2220006221516222,-0.0638540855923359,Q2
PA,651,1576,,,,,,,,,,,,,,,,,,12989208,11.782103579482799,73170,0.4731,10.838335947811444,8.122958690014048,10.561182749882695,10.394924492565742,3.371864288123237,5.6,33.8,73.47256339068039,1,5.011852916667436,529,122,4.072611663467088,0.9392412532003491,81.25960061443932,,,,,
RI,113,142,2023.0,9.661143406073595,8.393846819500428,11.004730508314987,8.516989118104659,30.29307237558904,23.894537642749214,9.661143406073595,15.815834345898102,13.768644605458435,16.59200324170183,14.146791365325898,8.278610260457066,35.86270002824719,24.596543641915247,17.541249871094152,32.018248023817314,1094250,11.222117744148303,81370,0.462,6.179118117432031,16.741695225039983,9.041481286107274,8.7062345709004,3.7934677309767717,4.3,36.3,68.7137260691156,1,10.32670779072424,106,7,9.687000228466987,0.6397075622572538,93.80530973451327,4.0,8.2610153794183,2.0656924113059407,0.5941555422708731,Q4_high
SC,517,1079,2023.0,11.78653995385584,10.278620895768006,13.43062176871456,12.290402766001614,34.47279494693516,23.110894902625795,11.78653995385584,18.312603485071243,11.132453490533068,19.142983703894263,14.61399743317774,9.128016264422415,32.681285439809486,24.809624424912172,17.529376070198904,35.92501048623502,5142750,14.350287026131012,63623,0.4772,25.78793447085703,6.200476398813864,5.718098844092068,11.744785809790493,3.0771028945805874,10.2,30.6,62.10019683789447,0,10.052987215011424,494,23,9.605755675465462,0.4472315395459628,95.55125725338492,9.0,8.319744916528917,1.7332422984825069,0.49853284647090024,Q3
SD,71,74,2023.0,10.11327793868831,8.668064437498208,11.682026612371311,9.110474032863983,29.836225947062033,21.856707149207075,10.11327793868831,,,16.54542370451091,,,,23.299832382208713,16.227137306070947,36.21931605058644,890342,12.259809171566703,69457,0.445,2.1929775299828607,4.402465569410406,4.9991172668303046,10.22802991041682,2.08591947020627,9.5,30.4,79.5770001590225,1,7.97446374539222,64,7,7.188249009931015,0.7862147354612048,90.14084507042253,6.0,8.621584079408338,-0.647120334016118,-0.18613135763459507,Q2
TN,598,1214,2023.0,11.934077689807031,10.259933787648533,13.721224221128304,11.94087841431624,36.26561183967417,29.06872500454934,11.934077689807031,,,21.537979117532235,,,,25.741124429218612,20.218871726123567,37.55662842588082,6923772,13.959259708007147,64035,0.4762,16.27458269856373,5.9594972220344635,5.318364481590192,11.557597097619983,3.099292339397339,10.1,29.7,70.90666257647406,0,8.63691063195033,532,66,7.683673003674875,0.9532376282754544,88.96321070234114,9.0,8.319744916528917,0.3171657154214138,0.09122644136394113,Q3
TX,1196,5461,2023.0,12.268151950562952,10.691034648633131,13.959143272821994,19.347722288054484,32.34857121474164,21.214987080981874,12.268151950562952,,,21.640232792520806,,,,27.774867865456006,17.06192984736476,35.682055375290524,29243342,13.944421378427283,73035,0.4761,12.148334482426803,39.89037915023529,5.253297895735335,9.073754262525531,3.3747186365062976,17.6,32.3,39.74745676906267,0,4.089819829758172,1016,180,3.474295106215972,0.6155247235421998,84.94983277591973,10.0,6.558610441132117,-2.4687906113739455,-0.7100987622483349,Q1_low
UT,359,615,2023.0,8.83309671405492,7.696940813384303,10.06549612771887,10.446670667339616,28.261115149349067,26.950640389409568,8.83309671405492,12.411236859962763,6.207421530060188,15.767366019716796,10.144706192027472,6.760827253839881,33.43640008661417,18.013788959269608,17.005453875138752,31.5433260806043,3283809,8.51545504900004,86833,0.4286,1.1484224569699395,14.642843112982515,3.917882536913623,4.506693990227875,2.316288691207269,8.8,36.1,75.355879174084,1,10.932426337829027,340,19,10.353829957832504,0.5785963799965224,94.70752089136491,3.0,8.749234107370835,2.183192230458191,0.6279520399406295,Q4_high
VA,530,1068,2023.0,11.015087105148643,9.484118575613016,12.634703198084212,9.012033149969989,32.57759282275465,22.350800377047403,11.015087105148643,13.572321416813256,11.181415373431737,17.407488446997245,11.707167266058097,7.756113719415746,34.56816776443726,23.066654438866905,16.65703727191398,34.591240291044066,8624511,9.984590274700759,87249,0.4724,18.90373842644528,10.029728062263471,6.066248887462247,8.857654746098214,2.829624031056187,7.4,41.0,58.60424846835267,1,6.145275946659469,478,52,5.542343212270238,0.6029327343892309,90.18867924528301,8.0,6.405747060734723,-0.26047111407525403,-0.07491936126707302,Q2
VT,69,75,2023.0,7.008310561757265,5.9584374319667885,8.185778712830407,6.354143926370235,26.550253928096872,27.83361384912204,7.008310561757265,,,13.475444608766807,,,,17.752219477955364,17.34745827921956,28.840553799725242,643816,10.427024998510172,74014,0.4486,1.2425910508592517,2.142382295562707,6.385363615162982,8.718940186114391,2.4847356485573364,4.1,41.7,89.13411613228276,1,10.717347813661046,63,6,9.785404525516608,0.9319432881444388,91.30434782608695,1.0,12.23168180598543,-1.5143339923243833,-0.4355682043774774,Q2
WA,524,882,2023.0,8.559877530694378,7.520996981253274,9.607747716474636,8.556831646068572,28.200872095003742,25.485770899670875,8.559877530694378,,,15.767561984878688,,,,17.44631628549785,16.98742024490617,30.58983814586337,7688549,9.89639170085106,90325,0.4637,3.9211169753876836,13.489580413677535,6.893999607957917,5.618117446141205,3.1728497637301216,6.4,38.0,63.83699698946735,1,6.815330174783305,473,51,6.152006054718517,0.6633241200647872,90.26717557251908,2.0,6.896216609471667,-0.08088643468836221,-0.023265382203848137,Q3
WI,221,285,2023.0,9.64153943111562,8.347116215834738,11.054023916808564,8.377497701544419,29.444932886813017,24.050535155108747,9.64153943111562,12.75446009782433,13.188980026281547,16.900153780943345,10.635420970237842,7.171512686230675,31.625642784608438,25.63254591655716,16.50977132136635,37.88575137725003,5882128,10.650244360077476,72458,0.4436,6.176863203248892,7.326872179592147,6.267151187719749,9.31845467798645,2.205474797466997,5.4,32.0,78.62639508710801,0,3.7571436731740624,195,26,3.315126770447702,0.44201690272636024,88.23529411764706,4.0,8.2610153794183,-4.5038717062442375,-1.2954495651413112,Q1_low
WV,69,78,2023.0,12.8579161961803,11.034117708460434,14.810799451849583,8.943781081193546,38.4343333857598,31.945459104184557,12.8579161961803,17.20886336370542,18.934088932679476,23.812733706243,13.905416123888202,9.576077522518107,35.186235373192964,31.08693847554658,22.9203920841212,40.76023878255878,1792967,16.803664956131186,55217,0.4715,3.414842548691638,1.835505059490777,8.22607675548852,14.253254008155968,3.21653424410802,6.4,22.7,89.13529232052343,1,3.8483697692149383,60,9,3.3464084949695114,0.5019612742454267,86.95652173913044,10.0,6.558610441132117,-2.710240671917179,-0.7795470938916237,Q1_low
WY,1,1,2023.0,9.295633300183933,7.950989201510204,10.777471023612348,11.972538217149092,28.12854317195736,22.42830357221435,9.295633300183933,,,17.431386906281077,,,,24.683476198438747,16.806561380657765,33.871056615065086,577929,10.660072149688444,72495,0.4476,0.8462977286137224,10.471528509557402,3.805155537334085,8.566511214745725,2.4869908409441708,11.6,29.0,81.41859856358055,0,0.1730316353738954,0,1,0.0,0.1730316353738954,0.0,3.0,8.749234107370835,-8.57620247199694,-2.466774918901252,Q1_low
